,Dataset,Hidden Layer,Learning Rate,Neurons,Dropout,Neighbors,Sampling,G-Means
0,KC1,4.0,0.007587945476302646,8.0,0.29,12.0,0.37,0.36832460193933964
1,KC1,4.0,0.00641003510568888,2.0,0.13,14.0,0.98,0.0
2,KC1,1.0,0.002636424704863906,15.0,0.52,4.0,0.65,0.6941213544856626
3,KC1,2.0,0.006506676052501416,15.0,0.32,3.0,0.53,0.6676953059008128
4,KC1,4.0,0.002797064039425238,30.0,0.33,10.0,0.29,0.6134559244306176
5,KC1,1.0,0.0015854643368675156,48.0,0.4,19.0,0.86,0.736808647054059
6,KC1,1.0,0.007158097238609413,6.0,0.25,9.0,0.62,0.6736756702715286
7,KC1,4.0,0.0033290198344001526,16.0,0.12,13.0,0.64,0.6810819884317906
8,KC1,1.0,0.009726261649881027,47.0,0.37,15.0,0.92,0.7350819251239712
9,KC1,4.0,0.0017964325184672756,3.0,0.4,4.0,0.5,0.13108062627326908
10,KC1,2.0,0.008458637582367364,14.0,0.29,7.0,0.66,0.6993233868993323
11,KC1,4.0,0.0016709557931179377,38.0,0.17,19.0,0.4,0.6975360238307969
12,KC1,4.0,0.007361716094628555,38.0,0.1,14.0,0.31,0.6411427714321092
13,KC1,1.0,0.008767930832880343,17.0,0.28,12.0,0.3,0.600322340881688
14,KC1,2.0,0.007566455605042577,44.0,0.26,13.0,0.61,0.7170353902305578
15,KC1,5.0,0.001,45.0,0.6,19.0,0.25,0.4183649201574674
16,KC1,1.0,0.001,50.0,0.1,17.0,1.0,0.7279991514250536
17,KC1,1.0,0.0012577403821133776,35.0,0.1,20.0,1.0,0.7340584899947021
18,KC1,4.0,0.008595921064095543,33.0,0.34,19.0,0.81,0.7252759576165072
19,KC1,1.0,0.007009402462341064,10.0,0.16,7.0,0.59,0.6836422795631634
20,KC1,1.0,0.01,47.0,0.6,9.0,1.0,0.7184577443647467
21,KC1,5.0,0.001,19.0,0.1,7.0,1.0,0.7226282160107627
22,KC1,1.0,0.01,42.0,0.1,6.0,1.0,0.7344133647990891
23,KC1,4.0,0.001,45.0,0.1,3.0,0.25,0.6199424980477598
24,KC1,1.0,0.01,36.0,0.6,2.0,1.0,0.7278553844752577
25,KC1,1.0,0.01,38.0,0.6,7.0,1.0,0.7226947124803308
26,KC1,1.0,0.001,25.0,0.6,1.0,1.0,0.7384301086855286
27,KC1,1.0,0.001,30.0,0.6,1.0,0.25,0.5513337186028446
28,KC1,1.0,0.001,21.0,0.6,2.0,1.0,0.7395543529888927
29,KC1,4.0,0.00420216064921684,22.0,0.44,2.0,0.89,0.7053489827524855
30,KC1,1.0,0.006667441486146917,40.0,0.44,1.0,0.43,0.654325249444687
31,KC1,1.0,0.01,23.0,0.1,5.0,1.0,0.735372413941919
32,KC1,5.0,0.001,23.0,0.1,20.0,1.0,0.7320540082526885
33,KC1,1.0,0.001,27.0,0.6,20.0,1.0,0.7337529275330766
34,KC1,4.0,0.0013129881061012282,27.0,0.3,18.0,0.61,0.6753601628786654
35,KC1,5.0,0.001,19.0,0.6,20.0,1.0,0.7137394544583894
36,KC1,1.0,0.0024145113141795316,23.0,0.42,19.0,0.26,0.5771116193885082
37,KC1,1.0,0.009410736750700359,31.0,0.41,19.0,0.84,0.7277350678557937
38,KC1,4.0,0.01,38.0,0.1,5.0,1.0,0.734675047816408
39,KC1,1.0,0.01,43.0,0.6,9.0,1.0,0.7197853106058798
40,KC1,1.0,0.001,38.0,0.1,5.0,1.0,0.7371274299405189
41,KC1,1.0,0.004246379360915981,48.0,0.35,18.0,0.7,0.7329462133470642
42,KC1,4.0,0.004951576419916805,50.0,0.1,12.0,1.0,0.7374171129784799
43,KC1,1.0,0.005805047137663812,48.0,0.47,12.0,0.91,0.7307794187574653
44,KC1,5.0,0.01,41.0,0.6,7.0,1.0,0.720035996025664
45,KC1,1.0,0.004650158472646151,23.0,0.12,1.0,0.73,0.7290691763864549
46,KC1,1.0,0.001,20.0,0.6,5.0,1.0,0.7357208491256225
47,KC1,5.0,0.001,46.0,0.1,10.0,1.0,0.7341952243704796
48,KC1,3.0,0.001,36.0,0.1,20.0,1.0,0.7256101091926858
49,KC1,1.0,0.01,38.0,0.1,20.0,1.0,0.7383057298165285
50,KC2,4.0,0.007587945476302646,8.0,0.29,12.0,0.41,0.7571877794400365
51,KC2,4.0,0.00641003510568888,2.0,0.13,14.0,0.98,0.7803507983087175
52,KC2,1.0,0.002636424704863906,15.0,0.52,4.0,0.67,0.8321043569280919
53,KC2,2.0,0.006506676052501416,15.0,0.32,3.0,0.56,0.8149193624227258
54,KC2,4.0,0.002797064039425238,30.0,0.33,10.0,0.34,0.750789058608552
55,KC2,1.0,0.0015854643368675156,48.0,0.4,19.0,0.87,0.8083627232855687
56,KC2,1.0,0.007158097238609413,6.0,0.25,9.0,0.65,0.8334035058174233
57,KC2,4.0,0.0033290198344001526,16.0,0.12,13.0,0.67,0.8353309390761112
58,KC2,1.0,0.009726261649881027,47.0,0.37,15.0,0.93,0.8043376556692379
59,KC2,4.0,0.0017964325184672756,3.0,0.4,4.0,0.53,0.0
60,KC2,2.0,0.008458637582367364,14.0,0.29,7.0,0.68,0.77746025264604
61,KC2,4.0,0.0016709557931179377,38.0,0.17,19.0,0.44,0.7862487739277715
62,KC2,4.0,0.007361716094628555,38.0,0.1,14.0,0.36,0.7682287670977254
63,KC2,1.0,0.008767930832880343,17.0,0.28,12.0,0.35,0.7406729988517674
64,KC2,2.0,0.007566455605042577,44.0,0.26,13.0,0.63,0.7919551644229238
65,KC2,1.0,0.002726180792404387,8.0,0.26,12.0,0.92,0.8151525527228178
66,KC2,2.0,0.001,20.0,0.6,2.0,1.0,0.8163533233459711
67,KC2,5.0,0.001,16.0,0.1,18.0,1.0,0.8300285347029056
68,KC2,4.0,0.006544745719788823,22.0,0.55,17.0,0.33,0.542654295302752
69,KC2,4.0,0.0011167226015303215,12.0,0.41,17.0,0.9,0.8202481438832152
70,KC2,1.0,0.01,1.0,0.1,19.0,0.3,0.5656595798127334
71,KC2,5.0,0.001,18.0,0.6,5.0,1.0,0.7953078774179474
72,KC2,1.0,0.01,43.0,0.6,20.0,1.0,0.7974740825134706
73,KC2,1.0,0.01,9.0,0.6,9.0,0.3,0.6513144603920517
74,KC2,1.0,0.0036295320033962906,5.0,0.1,11.0,1.0,0.79888445614432
75,KC2,4.0,0.0050677468025258614,15.0,0.14,16.0,0.38,0.7979322693266319
76,KC2,5.0,0.001,13.0,0.1,20.0,1.0,0.809429081882095
77,KC2,1.0,0.01,19.0,0.1,5.0,0.3,0.7274886707584328
78,KC2,4.0,0.001,18.0,0.6,1.0,1.0,0.8206045410948547
79,KC2,5.0,0.001,23.0,0.6,1.0,1.0,0.739448190024828
80,KC2,1.0,0.001,10.0,0.1,16.0,1.0,0.8135906984236013
81,KC2,5.0,0.001,45.0,0.1,18.0,0.3,0.7626707459098366
82,KC2,1.0,0.0066673206745124555,18.0,0.38,1.0,0.37,0.7423291935381144
83,KC2,5.0,0.001,15.0,0.1,10.0,1.0,0.79888445614432
84,KC2,1.0,0.006817404312747076,14.0,0.53,18.0,0.91,0.8083988940676654
85,KC2,1.0,0.001,50.0,0.6,11.0,0.3,0.6746452392408986
86,KC2,4.0,0.00642505963759639,15.0,0.34,4.0,0.54,0.8488037678152176
87,KC2,1.0,0.001496319019451537,39.0,0.6,8.0,1.0,0.8177311358425309
88,KC2,5.0,0.01,40.0,0.1,6.0,1.0,0.8393118874676114
89,KC2,2.0,0.01,38.0,0.1,3.0,1.0,0.794240966867293
90,KC2,5.0,0.001,37.0,0.6,8.0,0.3,0.6170103357205331
91,KC2,3.0,0.01,42.0,0.1,5.0,1.0,0.8498365855987975
92,KC2,5.0,0.01,42.0,0.1,3.0,1.0,0.8112332680583794
93,KC2,4.0,0.005309280981404693,43.0,0.35,7.0,0.83,0.8347006326814604
94,KC2,1.0,0.01,42.0,0.1,7.0,1.0,0.7948665708765692
95,KC2,1.0,0.01,34.0,0.1,20.0,1.0,0.7891812323819286
96,KC2,1.0,0.002483625993988158,45.0,0.18,1.0,0.64,0.8468206794581098
97,KC2,1.0,0.001,42.0,0.6,1.0,0.3,0.6824448652836702
98,KC2,1.0,0.005092870058997385,47.0,0.14,1.0,0.81,0.8242664646086013
99,KC2,2.0,0.005669736611345282,46.0,0.13,3.0,0.65,0.8282299875521906
100,PC1,4.0,0.007587945476302646,8.0,0.29,12.0,0.3,0.33458740253647806
101,PC1,4.0,0.00641003510568888,2.0,0.13,14.0,0.98,0.0
102,PC1,1.0,0.002636424704863906,15.0,0.52,4.0,0.61,0.5657969840932136
103,PC1,2.0,0.006506676052501416,15.0,0.32,3.0,0.47,0.7471701326378914
104,PC1,4.0,0.002797064039425238,30.0,0.33,10.0,0.21,0.5140612799389697
105,PC1,1.0,0.0015854643368675156,48.0,0.4,19.0,0.84,0.6491384347700531
106,PC1,1.0,0.007158097238609413,6.0,0.25,9.0,0.58,0.6262279506366999
107,PC1,4.0,0.0033290198344001526,16.0,0.12,13.0,0.6,0.8115910722573695
108,PC1,1.0,0.009726261649881027,47.0,0.37,15.0,0.91,0.7967055627890548
109,PC1,4.0,0.0017964325184672756,3.0,0.4,4.0,0.44,0.0
110,PC1,2.0,0.008458637582367364,14.0,0.29,7.0,0.62,0.829420453642214
111,PC1,4.0,0.0016709557931179377,38.0,0.17,19.0,0.33,0.7749285508997151
112,PC1,4.0,0.007361716094628555,38.0,0.1,14.0,0.23,0.4810577405983832
113,PC1,1.0,0.008767930832880343,17.0,0.28,12.0,0.22,0.4356699687213118
114,PC1,2.0,0.007566455605042577,44.0,0.26,13.0,0.56,0.808223859120487
115,PC1,2.0,0.009591159869541774,45.0,0.43,15.0,0.94,0.8056166785879463
116,PC1,2.0,0.002319627220136708,13.0,0.32,2.0,0.42,0.6031416116025853
117,PC1,1.0,0.00715021819816793,46.0,0.17,13.0,0.49,0.7040284580999231
118,PC1,3.0,0.01,14.0,0.1,8.0,0.65,0.7873473493492877
119,PC1,1.0,0.01,13.0,0.1,7.0,0.4,0.577738143112577
120,PC1,3.0,0.01,15.0,0.35,8.0,0.81,0.8128022507542838
121,PC1,1.0,0.01,43.0,0.6,14.0,1.0,0.7964243373385756
122,PC1,3.0,0.001,43.0,0.6,14.0,1.0,0.7984152333448752
123,PC1,5.0,0.001,15.0,0.1,11.0,1.0,0.7821968121200437
124,PC1,5.0,0.001,14.0,0.1,14.0,1.0,0.8004255140762502
125,PC1,2.0,0.01,44.0,0.1,17.0,0.17,0.5150266540849632
126,PC1,3.0,0.01,14.0,0.1,7.0,0.17,0.4723127359650345
127,PC1,2.0,0.007807768762477515,15.0,0.43,8.0,1.0,0.8199010951500606
128,PC1,4.0,0.009287325172658439,15.0,0.59,13.0,0.56,0.33479110873649787
129,PC1,2.0,0.009628829677650417,14.0,0.28,8.0,0.82,0.8164011456423872
130,PC1,2.0,0.0068873838791088165,44.0,0.49,14.0,0.9,0.8159954211570238
131,PC1,4.0,0.001,15.0,0.1,15.0,1.0,0.815159470177563
132,PC1,4.0,0.001,16.0,0.1,13.0,1.0,0.7731543496830678
133,PC1,5.0,0.001,14.0,0.1,15.0,1.0,0.7737965516331202
134,PC1,1.0,0.00934590716794649,15.0,0.4,7.0,0.48,0.638640688689993
135,PC1,3.0,0.005057098560288861,15.0,0.52,9.0,1.0,0.8110388469242372
136,PC1,4.0,0.001,16.0,0.1,12.0,1.0,0.7854524071329642
137,PC1,2.0,0.006540040438116867,43.0,0.55,13.0,0.92,0.8267623117994295
138,PC1,1.0,0.001065596216577418,43.0,0.1,13.0,0.61,0.5535279345982023
139,PC1,3.0,0.01,44.0,0.6,13.0,1.0,0.7955433366957514
140,PC1,3.0,0.003805323106145553,43.0,0.39,13.0,0.42,0.7994027301362895
141,PC1,2.0,0.01,43.0,0.6,14.0,1.0,0.797084448796565
142,PC1,4.0,0.005482472839077546,16.0,0.28,10.0,1.0,0.8038738605843053
143,PC1,4.0,0.001,15.0,0.1,10.0,1.0,0.8375070794627506
144,PC1,3.0,0.0076358619440563035,15.0,0.11,10.0,0.86,0.8529139521401543
145,PC1,4.0,0.004267429887861195,15.0,0.44,10.0,0.36,0.6109552551761329
146,PC1,3.0,0.0019182519405968627,46.0,0.6,15.0,1.0,0.7771500060074035
147,PC1,4.0,0.009763302786484861,16.0,0.42,11.0,0.86,0.7648457958802988
148,PC1,3.0,0.01,16.0,0.1,10.0,1.0,0.8172954139557227
149,PC1,3.0,0.01,16.0,0.1,8.0,1.0,0.8147053090123811
150,PC3,4.0,0.007587945476302646,8.0,0.29,12.0,0.35,0.6114380092269167
151,PC3,4.0,0.00641003510568888,2.0,0.13,14.0,0.98,0.7411437587112952
152,PC3,1.0,0.002636424704863906,15.0,0.52,4.0,0.63,0.7424556038684692
153,PC3,2.0,0.006506676052501416,15.0,0.32,3.0,0.51,0.7230831389938888
154,PC3,4.0,0.002797064039425238,30.0,0.33,10.0,0.26,0.6868499421767914
155,PC3,1.0,0.0015854643368675156,48.0,0.4,19.0,0.85,0.7287482882024888
156,PC3,1.0,0.007158097238609413,6.0,0.25,9.0,0.61,0.7177180464704896
157,PC3,4.0,0.0033290198344001526,16.0,0.12,13.0,0.63,0.7491491772643939
158,PC3,1.0,0.009726261649881027,47.0,0.37,15.0,0.92,0.7462962736600108
159,PC3,4.0,0.0017964325184672756,3.0,0.4,4.0,0.48,0.0
160,PC3,2.0,0.008458637582367364,14.0,0.29,7.0,0.65,0.7522251766571654
161,PC3,4.0,0.0016709557931179377,38.0,0.17,19.0,0.38,0.7114784737280994
162,PC3,4.0,0.007361716094628555,38.0,0.1,14.0,0.28,0.6637859632945354
163,PC3,1.0,0.008767930832880343,17.0,0.28,12.0,0.27,0.57288914324095
164,PC3,2.0,0.007566455605042577,44.0,0.26,13.0,0.59,0.7643766347098523
165,PC3,1.0,0.01,2.0,0.1,16.0,1.0,0.720798510411084
166,PC3,5.0,0.001,17.0,0.1,7.0,1.0,0.7316320457627942
167,PC3,1.0,0.001,47.0,0.45,9.0,0.22,0.3924090592863434
168,PC3,2.0,0.01,43.0,0.16,15.0,0.94,0.7306093515898506
169,PC3,5.0,0.0021367561846152966,45.0,0.6,14.0,0.22,0.0
170,PC3,1.0,0.00448761327297772,43.0,0.2,13.0,0.56,0.6971465920920704
171,PC3,2.0,0.005709865569908986,15.0,0.29,6.0,0.68,0.7198062527653232
172,PC3,1.0,0.01,45.0,0.1,16.0,1.0,0.7526343600605155
173,PC3,1.0,0.01,47.0,0.1,17.0,1.0,0.7473857793447665
174,PC3,1.0,0.0086580313117923,43.0,0.44,17.0,0.93,0.7407059606868601
175,PC3,1.0,0.003987834915578801,43.0,0.1,11.0,0.86,0.7339054237477289
176,PC3,4.0,0.003797642086060974,15.0,0.18,9.0,0.87,0.7487674601367276
177,PC3,5.0,0.001,14.0,0.1,11.0,1.0,0.7506374841779893
178,PC3,5.0,0.001,17.0,0.1,11.0,1.0,0.7376937238857194
179,PC3,3.0,0.008387852173924017,12.0,0.31,8.0,0.52,0.7713789666591134
180,PC3,1.0,0.007942320328193746,12.0,0.28,9.0,0.96,0.7277064313624729
181,PC3,1.0,0.006365400102865596,12.0,0.35,6.0,0.59,0.7309102925362302
182,PC3,4.0,0.0018987903051919776,13.0,0.43,7.0,0.93,0.725284772628972
183,PC3,4.0,0.008328484746414904,1.0,0.24,17.0,0.35,0.0
184,PC3,3.0,0.00793543666968932,2.0,0.5,12.0,0.77,0.1330533801541447
185,PC3,3.0,0.006858314974855454,13.0,0.57,9.0,0.28,0.0
186,PC3,3.0,0.004557156321095773,12.0,0.36,7.0,0.92,0.758571706882585
187,PC3,2.0,0.003809081876830602,13.0,0.59,7.0,0.34,0.24752469150855222
188,PC3,3.0,0.008580470306324755,12.0,0.2,8.0,0.77,0.7748351167365085
189,PC3,1.0,0.007042943006746869,46.0,0.33,16.0,0.87,0.7250876575899656
190,PC3,2.0,0.004419947999724404,15.0,0.19,7.0,0.83,0.7395025383474885
191,PC3,2.0,0.00997007965758737,12.0,0.13,8.0,0.83,0.7724473294971578
192,PC3,1.0,0.01,14.0,0.1,7.0,0.95,0.7394579295380166
193,PC3,4.0,0.0014547311975273934,15.0,0.1,12.0,0.94,0.7425740745256566
194,PC3,4.0,0.008158174135752348,16.0,0.21,9.0,0.66,0.7393761397305264
195,PC3,4.0,0.00585968125674808,16.0,0.18,10.0,0.58,0.7280236760617088
196,PC3,1.0,0.002132078655894043,44.0,0.39,17.0,0.85,0.7306845984463857
197,PC3,4.0,0.006251460855254222,15.0,0.11,8.0,0.99,0.7504030702023924
198,PC3,1.0,0.009747193738098764,11.0,0.1,7.0,1.0,0.7469810810171883
199,PC3,1.0,0.01,43.0,0.1,16.0,1.0,0.7516182986425544
200,PC4,4.0,0.007587945476302646,8.0,0.29,12.0,0.34,0.841932206224496
201,PC4,4.0,0.00641003510568888,2.0,0.13,14.0,0.98,0.8319781866772231
202,PC4,1.0,0.002636424704863906,15.0,0.52,4.0,0.63,0.7967828200597633
203,PC4,2.0,0.006506676052501416,15.0,0.32,3.0,0.51,0.8174705123701456
204,PC4,4.0,0.002797064039425238,30.0,0.33,10.0,0.26,0.7599942095899855
205,PC4,1.0,0.0015854643368675156,48.0,0.4,19.0,0.85,0.8301367775691175
206,PC4,1.0,0.007158097238609413,6.0,0.25,9.0,0.61,0.8185467544484317
207,PC4,4.0,0.0033290198344001526,16.0,0.12,13.0,0.63,0.8049719644996681
208,PC4,1.0,0.009726261649881027,47.0,0.37,15.0,0.92,0.8275490653357616
209,PC4,4.0,0.0017964325184672756,3.0,0.4,4.0,0.48,0.4403622496699502
210,PC4,2.0,0.008458637582367364,14.0,0.29,7.0,0.64,0.8396131197441238
211,PC4,4.0,0.0016709557931179377,38.0,0.17,19.0,0.38,0.8235912755308998
212,PC4,4.0,0.007361716094628555,38.0,0.1,14.0,0.28,0.8154949204654439
213,PC4,1.0,0.008767930832880343,17.0,0.28,12.0,0.27,0.7444852574573324
214,PC4,2.0,0.007566455605042577,44.0,0.26,13.0,0.59,0.8432995778145315
215,PC4,1.0,0.01,10.0,0.1,10.0,1.0,0.8482456588056688
216,PC4,1.0,0.01,6.0,0.1,14.0,0.74,0.8369135167663165
217,PC4,4.0,0.0074638108484604065,12.0,0.33,8.0,0.28,0.7944509344215303
218,PC4,5.0,0.001,6.0,0.6,17.0,1.0,0.643690694049662
219,PC4,1.0,0.01,8.0,0.1,12.0,0.22,0.7014143463379483
220,PC4,1.0,0.009420054473892072,11.0,0.15,9.0,0.99,0.8551276390188658
221,PC4,1.0,0.008152205628909856,10.0,0.2,8.0,1.0,0.8631192098733972
222,PC4,1.0,0.01,12.0,0.1,7.0,1.0,0.8355993361333778
223,PC4,3.0,0.005452962964795183,9.0,0.6,9.0,1.0,0.8024908636313478
224,PC4,1.0,0.01,3.0,0.1,14.0,1.0,0.8640086780979443
225,PC4,1.0,0.0038568893391961296,1.0,0.34,13.0,0.24,0.0
226,PC4,1.0,0.009644253527411318,4.0,0.19,15.0,0.63,0.8343184956228092
227,PC4,1.0,0.01,11.0,0.1,8.0,0.22,0.7159629575913777
228,PC4,1.0,0.0026125318863076527,4.0,0.19,14.0,0.76,0.8318716525597909
229,PC4,1.0,0.005850887921884078,8.0,0.2,8.0,1.0,0.8726774916967546
230,PC4,2.0,0.008079441402153569,11.0,0.13,10.0,1.0,0.8598682785106827
231,PC4,1.0,0.005755079719753837,9.0,0.3,7.0,1.0,0.8446437501405276
232,PC4,2.0,0.005273864854562277,13.0,0.45,9.0,1.0,0.864070222778829
233,PC4,1.0,0.0017518515631764497,12.0,0.6,11.0,1.0,0.8508884783731221
234,PC4,2.0,0.001,12.0,0.6,7.0,1.0,0.8568498410014587
235,PC4,2.0,0.01,12.0,0.1,5.0,1.0,0.8413003620782943
236,PC4,2.0,0.004235938967325137,44.0,0.26,15.0,0.56,0.8316940653723693
237,PC4,3.0,0.001,46.0,0.39,13.0,0.52,0.8113691158303351
238,PC4,3.0,0.009821771359236408,42.0,0.12,14.0,0.39,0.8132784490389212
239,PC4,4.0,0.006881613519088463,2.0,0.12,16.0,0.99,0.8536511724713588
240,PC4,5.0,0.00685943802951762,11.0,0.1,12.0,1.0,0.8334044299621315
241,PC4,3.0,0.01,13.0,0.6,11.0,1.0,0.7846777241216801
242,PC4,1.0,0.009480377008425012,45.0,0.1,18.0,0.22,0.7364218224305004
243,PC4,4.0,0.001,14.0,0.1,6.0,1.0,0.8369135167663165
244,PC4,1.0,0.01,46.0,0.1,13.0,1.0,0.830592177330488
245,PC4,1.0,0.001,49.0,0.6,16.0,1.0,0.8293962196513646
246,PC4,4.0,0.006923205234749858,3.0,0.38,14.0,0.56,0.66324817107961
247,PC4,4.0,0.002556875238061881,1.0,0.16,16.0,0.47,0.0
248,PC4,1.0,0.006510910662885655,28.0,0.51,6.0,0.52,0.7939264325897434
249,PC4,1.0,0.00646779601487176,1.0,0.19,9.0,0.44,0.7385169442751028
250,CM1,4.0,0.007587945476302646,8.0,0.29,12.0,0.32,0.5424993599586598
251,CM1,4.0,0.00641003510568888,2.0,0.13,14.0,0.98,0.0
252,CM1,1.0,0.002636424704863906,15.0,0.52,4.0,0.62,0.6624868971450597
253,CM1,2.0,0.006506676052501416,15.0,0.32,3.0,0.49,0.6691101055381942
254,CM1,4.0,0.002797064039425238,30.0,0.33,10.0,0.24,0.4339738855430513
255,CM1,1.0,0.0015854643368675156,48.0,0.4,19.0,0.85,0.7399324293474371
256,CM1,1.0,0.007158097238609413,6.0,0.25,9.0,0.6,0.6734550220071618
257,CM1,4.0,0.0033290198344001526,16.0,0.12,13.0,0.62,0.6806859285554046
258,CM1,1.0,0.009726261649881027,47.0,0.37,15.0,0.92,0.7777728174445
259,CM1,4.0,0.0017964325184672756,3.0,0.4,4.0,0.46,0.0
260,CM1,2.0,0.008458637582367364,14.0,0.29,7.0,0.63,0.695671138781345
261,CM1,4.0,0.0016709557931179377,38.0,0.17,19.0,0.36,0.6582805886043833
262,CM1,4.0,0.007361716094628555,38.0,0.1,14.0,0.26,0.6354132513569417
263,CM1,1.0,0.008767930832880343,17.0,0.28,12.0,0.25,0.46368092477478523
264,CM1,2.0,0.007566455605042577,44.0,0.26,13.0,0.58,0.744983221287567
265,CM1,1.0,0.001,10.0,0.1,8.0,1.0,0.7026734661277598
266,CM1,5.0,0.001,49.0,0.6,14.0,0.2,0.0
267,CM1,1.0,0.01,45.0,0.22,16.0,1.0,0.7513876052566567
268,CM1,1.0,0.006534636848082346,45.0,0.57,13.0,0.99,0.7486098227158569
269,CM1,1.0,0.01,41.0,0.1,11.0,1.0,0.7467057281449262
270,CM1,1.0,0.0033300743687780204,47.0,0.28,17.0,0.69,0.7384292638958574
271,CM1,1.0,0.01,42.0,0.6,14.0,0.2,0.0
272,CM1,1.0,0.001,45.0,0.1,15.0,1.0,0.725718035235908
273,CM1,1.0,0.008631908873436985,43.0,0.1,10.0,1.0,0.7481458562487814
274,CM1,1.0,0.009817454032463282,41.0,0.1,10.0,1.0,0.7467057281449262
275,CM1,2.0,0.0074220588922296925,45.0,0.29,12.0,0.68,0.7011894655987543
276,CM1,1.0,0.01,45.0,0.6,18.0,1.0,0.7339012952101331
277,CM1,3.0,0.004349895782818004,42.0,0.1,11.0,1.0,0.7187952884282609
278,CM1,1.0,0.005245580723893539,46.0,0.13,16.0,0.98,0.7680241604995972
279,CM1,1.0,0.01,12.0,0.17,5.0,0.38,0.582737791234903
280,CM1,1.0,0.0025481454632747718,47.0,0.45,15.0,0.2,0.22204854324123713
281,CM1,2.0,0.0044780525015218516,46.0,0.48,17.0,0.74,0.7180703308172536
282,CM1,2.0,0.0023771873150016352,47.0,0.56,16.0,0.79,0.7386643351347079
283,CM1,1.0,0.01,42.0,0.1,10.0,1.0,0.743817107149929
284,CM1,3.0,0.005956060152410628,43.0,0.1,11.0,1.0,0.7268654162452175
285,CM1,1.0,0.01,45.0,0.1,12.0,1.0,0.758287544405155
286,CM1,1.0,0.005223040384238767,46.0,0.1,19.0,0.67,0.7535103036971543
287,CM1,1.0,0.001,40.0,0.1,10.0,1.0,0.7123903424387503
288,CM1,1.0,0.01,47.0,0.1,18.0,1.0,0.7659416862050705
289,CM1,2.0,0.01,47.0,0.1,20.0,1.0,0.6508541396588878
290,CM1,3.0,0.007977818963685457,45.0,0.11,13.0,0.94,0.6852615072607926
291,CM1,3.0,0.001,43.0,0.6,9.0,1.0,0.7423685817106696
292,CM1,1.0,0.00518818807755929,47.0,0.37,16.0,0.99,0.7596600116718881
293,CM1,1.0,0.001,43.0,0.6,9.0,0.2,0.0
294,CM1,4.0,0.0066394292786328,43.0,0.32,9.0,1.0,0.7763876465901411
295,CM1,1.0,0.01,46.0,0.1,17.0,1.0,0.7638080765334823
296,CM1,4.0,0.005545377829691985,42.0,0.3,8.0,0.85,0.7457285773732365
297,CM1,3.0,0.01,42.0,0.6,9.0,1.0,0.7850159234053791
298,CM1,2.0,0.01,40.0,0.1,9.0,1.0,0.6603345111885843
299,CM1,5.0,0.001,41.0,0.6,10.0,0.2,0.0
300,JM1,4.0,0.007587945476302646,8.0,0.29,12.0,0.4,0.3916814910183985
301,JM1,4.0,0.00641003510568888,2.0,0.13,14.0,0.98,0.6437908735560671
302,JM1,1.0,0.002636424704863906,15.0,0.52,4.0,0.66,0.5883546769164274
303,JM1,2.0,0.006506676052501416,15.0,0.32,3.0,0.55,0.5781149730390707
304,JM1,4.0,0.002797064039425238,30.0,0.33,10.0,0.33,0.3573536981147611
305,JM1,1.0,0.0015854643368675156,48.0,0.4,19.0,0.86,0.6416467301528073
306,JM1,1.0,0.007158097238609413,6.0,0.25,9.0,0.64,0.5958740549873455
307,JM1,4.0,0.0033290198344001526,16.0,0.12,13.0,0.66,0.6195478246231977
308,JM1,1.0,0.009726261649881027,47.0,0.37,15.0,0.93,0.6511076505092167
309,JM1,4.0,0.0017964325184672756,3.0,0.4,4.0,0.52,0.0
310,JM1,2.0,0.008458637582367364,14.0,0.29,7.0,0.68,0.6164325380369693
311,JM1,4.0,0.0016709557931179377,38.0,0.17,19.0,0.43,0.5303290494898849
312,JM1,4.0,0.007361716094628555,38.0,0.1,14.0,0.35,0.4251926709877443
313,JM1,1.0,0.008767930832880343,17.0,0.28,12.0,0.34,0.37106604083670225
314,JM1,2.0,0.007566455605042577,44.0,0.26,13.0,0.63,0.6114652403638475
315,JM1,2.0,0.001,45.0,0.2,17.0,0.29,0.411105981365783
316,JM1,1.0,0.0027701763528274782,48.0,0.1,16.0,0.8,0.6486028647915889
317,JM1,1.0,0.006298629982583435,47.0,0.11,13.0,0.88,0.6505476604326059
318,JM1,2.0,0.01,48.0,0.6,14.0,1.0,0.6517994361739421
319,JM1,1.0,0.01,50.0,0.6,19.0,1.0,0.6505693708814717
320,JM1,2.0,0.0068663953768899775,1.0,0.1,16.0,1.0,0.45825756949558405
321,JM1,1.0,0.01,47.0,0.6,14.0,1.0,0.6502396934162591
322,JM1,3.0,0.0032162222262809522,49.0,0.58,19.0,0.68,0.6076961441358679
323,JM1,3.0,0.01,46.0,0.1,12.0,1.0,0.6488616075426548
324,JM1,1.0,0.01,46.0,0.6,10.0,1.0,0.6470337174977416
325,JM1,3.0,0.01,49.0,0.1,9.0,1.0,0.6516314788875294
326,JM1,4.0,0.001,47.0,0.1,8.0,0.29,0.43155884647946163
327,JM1,1.0,0.01,48.0,0.6,10.0,1.0,0.6508159179783001
328,JM1,1.0,0.01,50.0,0.1,8.0,1.0,0.656421008936098
329,JM1,5.0,0.01,1.0,0.6,12.0,1.0,0.45825756949558405
330,JM1,4.0,0.0059795114097321075,3.0,0.2,14.0,0.84,0.6401214699850147
331,JM1,4.0,0.01,50.0,0.1,12.0,1.0,0.6510226670334445
332,JM1,1.0,0.005916846337813592,46.0,0.23,11.0,0.73,0.6342568975779844
333,JM1,5.0,0.001,15.0,0.1,16.0,1.0,0.6563771116704559
334,JM1,5.0,0.001,18.0,0.1,19.0,1.0,0.651579130337423
335,JM1,5.0,0.001,15.0,0.1,20.0,1.0,0.6500530393980527
336,JM1,2.0,0.001,16.0,0.6,20.0,1.0,0.64805299542302
337,JM1,2.0,0.002277662771299649,12.0,0.29,19.0,0.69,0.628656128299275
338,JM1,3.0,0.001,21.0,0.6,20.0,1.0,0.6555516008668328
339,JM1,4.0,0.008542735042155313,21.0,0.35,18.0,0.48,0.5005618428935223
340,JM1,1.0,0.001,20.0,0.6,20.0,1.0,0.6505950742970112
341,JM1,1.0,0.001,23.0,0.6,20.0,1.0,0.649589220889686
342,JM1,2.0,0.008765070142379731,18.0,0.25,19.0,0.76,0.6231856543279538
343,JM1,1.0,0.001,11.0,0.6,6.0,1.0,0.64958850296518
344,JM1,4.0,0.0029021424661038737,16.0,0.58,18.0,0.37,0.23630102528406388
345,JM1,1.0,0.0012494553124593709,47.0,0.29,15.0,0.32,0.4189406391847891
346,JM1,4.0,0.006923205234749858,3.0,0.38,14.0,0.6,0.22944825632760607
347,JM1,2.0,0.005138946978086282,30.0,0.1,7.0,0.53,0.5845945883928005
348,JM1,1.0,0.006510910662885655,28.0,0.51,6.0,0.57,0.5614308478658582
349,JM1,1.0,0.00646779601487176,1.0,0.19,9.0,0.49,0.0
